,Date,User,Nickname,Tweet,URL
0,2022-10-09 10:36:09+00:00,foundinthedream,곽나물,"#몬베베가_몬베베에게_추천하는_맛집
📍합정 썬키친
✔️마라 볶음면
✔️닭허벅다리구이 https://t.co/YfsdJ5cL9F",https://twitter.com/foundinthedream/status/1579058127634190336
1,2022-10-08 11:26:31+00:00,HappytoDieP,향쪽..,"#몬베베가_몬베베에게_추천하는_맛집
#임창균_너는한끼뚝닭먹겠지

합정 썬키친
고등어덮밥하고 버팔로윙 (이거진짜앵간하면 다 맛이 비슷하다고 생각하는데 마싯음…) 진짜마싯다…. 트위터 맛집에 실망했던 언니 데리고 갔는데 대성공하다 !!!!!!!!!!!!!! 🤩💜💜 https://t.co/uKW4njIwUD",https://twitter.com/HappytoDieP/status/1578708414364274689
2,2022-10-01 08:02:33+00:00,imimgguggu,꾸꾸,"합정 썬키친 

꼬옥 … 꼬옥 …..먹어주면되 ….

고등어 덮밥 미쳐씀 사진엔 없지만 크림버섯리조또 ? 그것도 존맛임둥 🫠🍚
#몬베베가_몬베베에게_추천하는_맛집 
 #임창균_너는한끼뚝닭먹겠지 https://t.co/0jkU4ejlm7",https://twitter.com/imimgguggu/status/1576120367437209601
3,2022-09-24 15:43:22+00:00,egg1ife,🌊에라🫧,"오늘 제가 갔던 맛집 세 군데를 소개합니다(진실로오늘하루에다갔다옴)
비밀로하고 싶었는데 공개할게요🫣

📍홍대?신촌? 오시리야
📍신촌 호복
📍합정 아초바

#몬베베가_몬베베에게_추천하는_맛집 https://t.co/xne2E0zdLL",https://twitter.com/egg1ife/status/1573699623969263616
4,2022-09-19 03:04:21+00:00,momiizii,ෆ미지ෆ,"미지쨩은 포카를 좀 들고 다니시길...💤

📍건대 메이빌
양 많아서 남김

📍합정 피자네버슬립스
양 많아서 남김 2 

#대식가_유준이의_맛집태그
#아기빵_크림채워
#현이도_먹어봐
#몬베베가_몬베베에게_추천하는_맛집 https://t.co/xRWeb5c03W",https://twitter.com/momiizii/status/1571696670542528512
5,2022-09-18 10:26:10+00:00,jinjjwakkung,짝짜꿍 slow,"#몬베베가_몬베베에게_추천하는_맛집

합정 미삼 대새롤
합정 깊은 숲

대새롤 말해뭐해...진짜 미쳤습니다
그리고 깊은 숲 칵테일 맛있어요..분위기도 좋고, 시그니처 칵테일 시켜 마셨는데 넘 맛있었습니다 https://t.co/KpK6XYIk8C",https://twitter.com/jinjjwakkung/status/1571445470966452224
6,2022-09-13 11:18:19+00:00,mzzchee,칮,"📍합정 슬로우타코

대창플래터 존맛 'ڡ'
가운데 치즈가 시간이 지날수록 녹아서 
대창이랑 같이 먹어주면 아주 굿👍🏻
맛나게 잘 먹었습니다 ~(˘▾˘~)💕

#이서랑_둘이서
#채형원_너는세입도못먹겠지 https://t.co/SIlGhKWlZj",https://twitter.com/mzzchee/status/1569646653438820354
7,2022-09-12 07:34:41+00:00,goatmxh11,숙이,"📍합정 더한쭈꾸미
쭈삼 맛집 우동사리 꼭 추가해서 드세요 😋

#ㄷㅂㅇㅈ 
#몬베베가_몬베베에게_추천하는_맛집
#기현_너는맘마먹고다시시작하겠지
#하성운_오늘_꼭_먹어봐 
#성운아_식하하세요 https://t.co/XPbisjIvS0",https://twitter.com/goatmxh11/status/1569227986326667266
8,2022-09-04 10:31:04+00:00,beyuliyap,별이,"📍합정 세상끝의라멘
몬베베친구와 함께 왔더여
개인적으로 첫라멘이 더 맛있음!!
#정한아_마니머거여ㅎㅎ 
#아니에요_준휘는_먹을거에요
#임창균_너는한끼뚝닭먹겠지
#민혁_너는이미북마크해놨겠지 https://t.co/fAdjEOWHSQ",https://twitter.com/beyuliyap/status/1566373273423585280
9,2022-08-30 11:03:29+00:00,mio333_,cok!,"🍴합정 아로
단호박 뇨끼랑 안심 리조또랑 꼭 드셔보시길! ♡ 뇨끼 처음 먹어 보는 계정주는 홀딱 반했어요 다만 느끼한 거 잘 못 먹는 분들한테는 느끼할 거 같다는 느낌이... (저예요) 예약하고 가시는 걸 추천드리어요-♡

#먹어보세용_희희 
#현석아_이거_머거바니
#민혁_너는이미북마크해놨겠지 https://t.co/z8rH8jGYC2",https://twitter.com/mio333_/status/1564569491262312448
10,2022-08-28 12:35:55+00:00,collectdaeng,앞니 마티스,"📍합정 미담진족

오향보쌈 / 족발비빔국수

저 보쌈에 김치가 미친새키같음..
그리고 같이 나오는 술밥이 있는데
먹고 밥 시켜서 또 밥말아먹음

#몬베베가_몬베베에게_추천하는_맛집
#민혁_너는이미북마크해놨겠지 https://t.co/tvC1FFDko5",https://twitter.com/collectdaeng/status/1563867976197349377
11,2022-08-25 13:32:30+00:00,all_rounder_han,한올,"🏷 합정 우동 카덴
#한이의_한입거리
#임창균_너는한끼뚝닭먹겠지
면발 짱 탱글하고 쫄깃~.ᐟ♥️ https://t.co/zYxK6WLZQM",https://twitter.com/all_rounder_han/status/1562795052925341698
12,2022-08-20 13:20:13+00:00,luv2_mh,2ᵘ,"📍합정 홍곱창

데리야끼막창 진짜 미틴 . . 진심 술이 단건 첨이에요 다들 가면 꼭 먹어주먄 되 ..~🫶🏻 다 먹고 볶음밥두 잊지말긔 !!

미녀기두 마이 무 .ᐟ.ᐟ

#몬베베가_몬베베에게_추천하는_맛집
#민혁_너는이미북마크해놨겠지 https://t.co/PEe85zyK3x",https://twitter.com/luv2_mh/status/1560980024026550273
13,2022-08-15 10:06:29+00:00,luvmycoenffl,채얼레,"🌿 합정 안녕, 낯선 사람
🌿 상수 김씨네 심야식당

아이스크림 추가한 딸기라떼로 당충전하고
아부라소바랑 콜라하이볼까지 ♡
직원분들도 넘넘 친절하셔서 좋았던 맛집 ☺️

#몬베베가_몬베베에게_추천하는_맛집 
#채형원_너는세입도못먹겠지 https://t.co/pp4jlm1lX4",https://twitter.com/luvmycoenffl/status/1559119328179433474
14,2022-08-14 11:17:50+00:00,c_loversclub,ft...,"🎸합정 썬키친

고등어덮밥이 귀엽고 원필이가 맛있어요😻

#나나나나_원필이가_먹을래 
#기현_너는맘마먹고다시시작하겠지
#디노야_여기_케이밥의_미래 https://t.co/buOiLMqy5h",https://twitter.com/c_loversclub/status/1558774895244619777
15,2022-08-14 11:11:51+00:00,mynovwhale,마노,"📍합정 썬키친
📍합정 라뽀즈 비건케이크

#몬베베가_몬베베에게_추천하는_맛집 https://t.co/Ioi0yQ0Nbw",https://twitter.com/mynovwhale/status/1558773390265450496
16,2022-08-13 05:55:37+00:00,_So_honey,코어강도,"📍합정 남산호랭이
새우로제파스타
호돌이 스테이크

새우가 짱 크고 샐러드가 맛있어용

@_kk0126
#건학아_이거만먹고_운동할게
#몬베베가_몬베베에게_추천하는_맛집 https://t.co/LwfUuBeWIE",https://twitter.com/_So_honey/status/1558331421625761792
17,2022-08-12 15:29:27+00:00,yolki_chae,솜,"#몬베베가_몬베베에게_추천하는_맛집

📍합정 팔각도

간장 양념 닭갈비는 달달하구 고추장 양념은 솜떤여자한테는 매웟어요ㅜ https://t.co/9zeExKeFJ1",https://twitter.com/yolki_chae/status/1558113440493105157
18,2022-08-11 21:28:24+00:00,_mx_lemon,많이 느린 🍋레몬🍋,"🐏 합정 거문양

배가 불러도 먹게되는 맛
토마토탕 아주 시원하고 에그인헬라구 매콤하니 담백함이 어마어마함
술도 맛나서 술 생각 없는 베베 세잔마심
서비스도 많이 주시고 노래 선곡도 센스 굿👍🏻

메뉴
- 토마토 해물탕
- 에그인헬 라구
- 서울의 밤 셋트

 #몬베베가_몬베베에게_추천하는_맛집 https://t.co/IfXAjL7a6w",https://twitter.com/_mx_lemon/status/1557841386086748160
19,2022-08-09 11:58:02+00:00,qusghkgkrlf,러비둥,"ㅇㅏ니 썬키친 맛있네!!!!!
고등어 덮밥 넘맛🥹🫶🏻
#몬베베가_몬베베에게_추천하는_맛집 합정 https://t.co/DgHQukYClu",https://twitter.com/qusghkgkrlf/status/1556973075362562048
20,2022-08-05 14:32:23+00:00,lmyourrbunny,톡긔,"🐰합정 오디티 odt

크림느와르 약밥맛남
크림브륄레 라떼 드세용..

#안먹으면_섭섭하지
#채형원_너는세입도못먹겠지 https://t.co/rDLmXccrQB",https://twitter.com/lmyourrbunny/status/1555562363537215488
21,2022-08-02 10:43:23+00:00,allforgo5rae,댕냐,"합정 정화

사실 웨이팅 없어서 뭐 파는 지도 모르고 들어갔는데
제주 목살 .. 진짜 에바다
사진은 이게 뭔가 싶게 찍혔지만
고기 구워 나와서 더 좋았다
구워먹는 치즈랑 제주 생고기 조합은 절대 실패할 수 없다
다음에는 꼭 돈마호크 먹을 거다

#몬베베가_몬베베에게_추천하는_맛집 https://t.co/KSjunHyQJJ",https://twitter.com/allforgo5rae/status/1554417573738864642
22,2022-08-01 13:41:27+00:00,zonzalcollext,존콜,"📍합정 옥동식 숟캔들 조심하세요~ 
#셔누_넌이미먹었겠지만또먹어야겠지
#영균아저이거먹냠세요 https://t.co/6WuXUtUiPy",https://twitter.com/zonzalcollext/status/1554099996219547649
23,2022-08-01 03:35:05+00:00,_mx_lemon,많이 느린 🍋레몬🍋,"🌴합정 썬키친

비가 윽수로 내려도 우리 못막지요
고등어 덮밥이랑 누룽지(리조또같음)는 꼬소하니 계속 입에 술술 들어가고 감바스도 먹을 수록 감질맛나서 술이 술술 들어감

메뉴
- 고등어덮밥
- 크림버섯누룽지
- 감바스 알 아히요

#몬베베가_몬베베에게_추천하는_맛집 https://t.co/Irrc21aWm8",https://twitter.com/_mx_lemon/status/1553947399101759493
24,2022-07-26 14:56:18+00:00,dont90___,囧rz,"🍀 합정 셉트

생크림 케이크가 너무 보드랍구 .. 달달하구 마딧어요
공간 깔끔하구용 테이블도 넓고 의자도 편해서 쭈아요 앞으로 마니마니 가야쥐 ₍ᐢ ɞ̴̶̷  ̫ ɞ̴̶̷ ᐢ₎b

#몬베베가_몬베베에게_추천하는_맛집
#기현_너는맘마먹고다시시작하겠지
#나나의_맛집탐방기 https://t.co/17OFpseX8z",https://twitter.com/dont90___/status/1551944505930043392
25,2022-07-25 10:54:18+00:00,three_Fe_,새철,#승연아_우즈야_여기야 OR #백현이를_위한_맛집투어 OR #몬베베가_몬베베에게_추천하는_맛집 OR #황제님을위한메뉴판 OR #우석아_맛집으로_우따따따 OR #강다니엘_염염긋 OR #강동호_먹어봐 OR #제노의_맛그당어 OR #신동_넌이미먹었겠지 OR #주헌아_잡솨_바바요 OR #먹어봤도영 “합정”,https://twitter.com/three_Fe_/status/1551521215310733313
26,2022-07-22 11:05:16+00:00,yolki_chae,솜,"#몬베베가_몬베베에게_추천하는_맛집

📍합정 냉장고

목살이 미친놈이에요 개맛잇㉰ https://t.co/34XxFkkKfo",https://twitter.com/yolki_chae/status/1550436811025313792
27,2022-07-19 17:16:49+00:00,1mnameck,례...,"합정 썬키친
진짜 짱...맛있으니까 꼬옥 먹어주면되...
고등어 덮밥에 제 인생을 바치고 싶어요
#몬베베_어차피추천해도니가먹고싶은거먹겠지
#임창균_너는한끼뚝닭먹겠지
#몬베베가_몬베베에게_추천하는_맛집 https://t.co/IEp8QWyUcc",https://twitter.com/1mnameck/status/1549443152712732673
28,2022-07-19 05:44:12+00:00,changkyunisim,귱귱,"#몬베베가_몬베베에게_추천하는_맛집

해시보고 개가티 달려가서 다녀옴

합정 '썬키친' 앤나 '해피베어데이'
썬키친 고등어덮밥 대대대존맛🐟 
해베데는 사진 찍느라 눈알 돌아가여👀 https://t.co/ATIPn2tRHX",https://twitter.com/changkyunisim/status/1549268850361118720
29,2022-07-18 16:28:56+00:00,just1ov2,사랑,"🍻 합정 더캐스크
아이엠 포토맥주가 살살 아름다움..🫵🏻

#몬베베가_몬베베에게_추천하는_맛집 https://t.co/XYvqsyLGV9",https://twitter.com/just1ov2/status/1549068713391173634
30,2022-07-15 05:48:10+00:00,manggo2626,꿍망고,"#몬베베가_몬베베에게_추천하는_맛집
📍합정 THEDROPBY 
꼬소한 커피랑 부드럽고 담백한 에그스콘
mx 레스토랑 임바리스타와 같이 먹으니 더 맛있구만🫠 https://t.co/MDmqBLIrZy",https://twitter.com/manggo2626/status/1547820296580636675
31,2022-07-15 04:41:09+00:00,thewavehascome,몽티,"🍴합정 23 플래터
승민군 엄마와 함께。。。🐶❤️‍🔥

#몬베베가_몬베베에게_추천하는_맛집
#민혁_너는이미북마크해놨겠지 https://t.co/sB5P6Ypno6",https://twitter.com/thewavehascome/status/1547803433226215424
32,2022-07-13 06:42:10+00:00,yoomxchx,미치🫧,"📍 합정 썬키친
소랑하는 여자와 ,,
소문대로 ෆ고등어덮밥ෆ 이 미친놈이군요
썬키친누들은 약간 중화요리 맛이 나고 맛있음
그리고 반려 햄스터가 있는 사람을 위해(겠냐고) 해바라기씨를 준비해주는듯 !! ㅎ
사장님 친절하심 !
#몬베베가_몬베베에게_추천하는_맛집 https://t.co/pUjh4pL1NJ",https://twitter.com/yoomxchx/status/1547109110721953792
33,2022-07-10 11:10:52+00:00,_hlnhln,감자소녀,"📍합정 띠오 데 산타바바라 
       - 사장님이 친절하고 타코 맛있더요
📍합정 머시
       - 레몬파이 개 존 맛

#몬베베가_몬베베에게_추천하는_맛집
#민혁_너는이미북마크해놨겠지 
#기현_너는맘마먹고다시시작하겠지
#우리배는_식도로만_가
#박성화_이것좀_먹어보라고_성화
#최산을_다해_먹어봐요 https://t.co/1DA8dJeZGt",https://twitter.com/_hlnhln/status/1546089568545669120
34,2022-07-04 15:50:19+00:00,anything_ilove,청경소녀 🫧,"몬스타엑스서울앙콘기원40일차

합정 ""평이담백 뼈칼국수""

맛있긴햇는데그냥뭐그럭저럭
하지만날씨가추워서
따뜻한국수먹기개굳
테이블이좀작았어효
합정에서간단점심먹을때ㅊㅊ

근데혹시몬스타엑스오빠들앙콘할생각있으시면저한테디엠좀부탁드릴게요🙏

#몬베베가_몬베베에게_추천하는_맛집 https://t.co/Z0upiTc844",https://twitter.com/anything_ilove/status/1543985565950808064
35,2022-07-04 01:20:06+00:00,_mx_lemon,많이 느린 🍋레몬🍋,"🥩합정 남산호랭이

웨이팅이 없이 입장 |ᐕ)⁾ ˗ˋˏ 와 ˎˊ˗
약간쓰 서가앤쿡 느낌나서 맛도 그렇겠지 했는데 한입 호로록하자마자 ₊·*◟(⌯ˇ- ˇ⌯)◜‧*･ 
명란고사리 고소하고 맛있었고 호돌이 스테이크도 냠냠긋

메뉴
- 호돌이스테이크
- 명란고사리파스타

#몬베베가_몬베베에게_추천하는_맛집 https://t.co/87QpOJKsdP",https://twitter.com/_mx_lemon/status/1543766569267838976
36,2022-07-02 06:07:47+00:00,wavecck,겨울☃️,"🎈 합정 카페 너프

프렌치 토스트 맛집 ,, 💗
커피도 맛있어서 꼬옥 먹어주세욧 .ᐟ .ᐟ 

#몬베베가_몬베베에게_추천하는_맛집
#임창균_너는한끼뚝닭먹겠지 https://t.co/c02TgXi6iE",https://twitter.com/wavecck/status/1543114189987651584
37,2022-06-29 01:25:04+00:00,dal_with,𝐷𝑎𝑙𝑒,"📍합정 육회한 달, 밤

• 육회 육사시미
• 한라토닉

생고기가 신선한지 엄청 꼬수워요 ! 
한라토닉이랑 육회 조합도 강추 
둘 다 깔끔한 맛이라 잘어울린답니다 🫶🏻

#몬베베가_몬베베에게_추천하는_맛집
#달이는_오늘도_냠 https://t.co/Mr4Hc8LjxD",https://twitter.com/dal_with/status/1541955878722514945
38,2022-06-25 11:46:15+00:00,rlatnwl0404,코하네😷こはね🌺,"#몬베베가_몬베베에게_추천하는_맛집 
합정 아로
오늘의 파스타는 봉골레파스타!
와 진짜 개존맛 정말 진짜 이야…와…개짱..
근데 매운맛이 1도 없어서… 나 좀 힘들어섴ㅋ 할라피뇨 엄청 먹음 가게 조금 좁아서 예약하고 가셔야 안기달리고 먹을 수 있음 다들 예약하세요 당일예약도 가능 인스타참고 https://t.co/nvvzdzTDiR",https://twitter.com/rlatnwl0404/status/1540662655072886786
39,2022-06-22 14:29:29+00:00,coC4ho,채광,"📍합정 피자네버슬립스

개인적으로 포테이토 피자보다는 치킨 네버 슬리스 피자가 매콤하고 맛있었어요 !! 물론 채씨는 피자 한 조각 먹으면 질린다고 했지만 전 네조각은 거뜬하게 먹었..어요 🫠

#채형원_너는세입도못먹겠지 https://t.co/vxpryBVkuC",https://twitter.com/coC4ho/status/1539616568446832640
40,2022-06-21 14:37:22+00:00,chaetokyun,독버섯,"합정 썬키친

직원분들이 넘 친절하시구 평일 낮에 가서 웨이팅은 없었다.ᐟ.ᐟ (한 2시쯤!)
고등어 덮밥은 나오면 사진 찍고 
직원분께 말씀드리면 사사사삭 비벼주시는데 진짜 한입 넣자마자 와아아아앙
동생 기절시키고 싶었어요^^

#몬베베가_몬베베에게_추천하는_맛집 https://t.co/GOdS5kZvUS",https://twitter.com/chaetokyun/status/1539256164633944074
41,2022-06-19 14:36:11+00:00,rang357,랑,"📍합정 23플래터

몬베베 친구랑 명란오일파스타랑 목살수비드!! 먹었습니당
우리는 유명한 곳을 그저 따라다니기만 할 뿐
개맛있어요 유명한 곳은 이유가 있다

#성규야_여기가_바로_맛집인뎁쇼
#기현_너는맘마먹고다시시작하겠지 https://t.co/Xalv3bB157",https://twitter.com/rang357/status/1538531093581684736
42,2022-06-18 10:12:45+00:00,monsta_zoo,zoo,"🍀 합정 썬키친

고등어덮밥과 크림버섯누룽지를 꼭꼭 드세요
하이볼이랑 같이 먹으면 끝내줌 🤤

#몬베베가_몬베베에게_추천하는_맛집
#몬베베_어차피추천해도니가먹고싶은거먹겠지 https://t.co/uQi7SQnQNj",https://twitter.com/monsta_zoo/status/1538102407577579521
43,2022-06-16 09:58:09+00:00,minhyuk_god,SLOW🌸민혁신🌸,"#몬베베_어차피_추천해도_니가_먹고싶은거_먹겠지 
#몬베베가_몬베베에게_추천하는_맛집

📌 합정 육회한달밤

내사랑 육회... 
역시 너는 변함없이 맛있구나..❤️‍🔥
평생 맛있게 먹어줄게🔥

사진에서 음식보다 포카가 더 중요한 몬베베들ㅋㅋㅋㅋㅋ
육회가 안 보이길래 개오지는 육회 따로 올리기🫶🏻 https://t.co/JvHRLOVSsm",https://twitter.com/minhyuk_god/status/1537373958852333568
44,2022-06-16 09:53:24+00:00,minhyuk_god,SLOW🌸민혁신🌸,"#몬베베_어차피_추천해도_니가_먹고싶은거_먹겠지 
#몬베베가_몬베베에게_추천하는_맛집

📌 합정 거문양

거의 한 달 먹을 토마토 다 먹은 듯...🍅
귀염뽀짝한 서비스도 많이 주시고 토마토해물탕이랑 토마토새우볶음도 맛있었음👍🏻
포스트잇 잔뜩 붙어있어서 신이의 흔적도 냅다 남기기~~💕 https://t.co/BlKPc4dcWs",https://twitter.com/minhyuk_god/status/1537372763668635649
45,2022-06-14 10:35:07+00:00,bok_lov,투도,"🐣 합정 - 거문양
옛날 옛적에 간 곳이지만,,
랜다시 갔다가 가기 딱!! 좋은 술집

서울토닉 마셨는데 짱맛💕
그리고 서비스가 계속 나옴 ㄹㅇ로..
토마토해물탕 추천!

#이_식당은_진심으로_하늘이에요 
#몬베베가_몬베베에게_추천하는_맛집 
#거친맛집속에뛰어든건나니까_암오케 https://t.co/owOV57VuXm",https://twitter.com/bok_lov/status/1536658484250705920
46,2022-06-11 17:13:19+00:00,anything_ilove,청경소녀 🫧,"몬스타엑스서울앙콘기원22일차

합정 ""타오마라탕""

여기 줄 서서 먹는 마라탕집이래요
저는마라샹궈먹엇는데쫀맛이엇틉니다...
자극적인향신료맛좋아하시면꼭방문하세욧
마라샹궈에밥공짜 달라하면주심

아몬스타엑스보고싶다...모해오빠들아
안바쁘면한국앙콘좀

#몬베베가_몬베베에게_추천하는_맛집 https://t.co/c7LpOb20cG",https://twitter.com/anything_ilove/status/1535671534031097856
47,2022-06-08 16:03:36+00:00,anything_ilove,청경소녀 🫧,"몬스타엑스서울앙콘기원19일차

합정 ""또보겠지 떡볶이"" 호호시스터점

제가 사진을 개가티 못 찍어요 이해바람
또보겠지는 유명해서 다들 알 것 같은데
여기 떡볶이도 맛있지만
버터갈릭감자튀김(버갈튀라하대요)도
존맛입니다 우하하 ❤️

#몬베베가_몬베베에게_추천하는_맛집 https://t.co/ADuLK9Ke2V",https://twitter.com/anything_ilove/status/1534566825509658624
48,2022-06-06 07:32:36+00:00,TAMI_0115,ᴛᴀᴍɪ 🫧,"🍽 합정 군산아구찜

양많고 볶음밥도 맛있어유 🫠
아구찜러버 형어니 생각나서
울었지만 맛있어서 극복가능🥹

동네 맛집 비슷해서 좀 시끄러버서
이모뉨 크게 말할 수 있는 사람과 동행추천 🫢

#몬베베가_몬베베에게_추천하는_맛집 https://t.co/sXhl7kvG61",https://twitter.com/TAMI_0115/status/1533713452493336576
49,2022-06-05 10:47:28+00:00,egg1ife,🌊에라🫧,"📍합정 히츠지야
양고기 좋아하는사람?!🤩
여기야 여기 여기를 꼭 와야 돼요 존맛살살녹음...
처음 양갈비는 직접 구워주시고 다른 양고기는 무한리필
술도!!!무한리필이 됩니당☆☆
두시간 웨이팅해도 안 아까움
#몬베베가_몬베베에게_추천하는_맛집
#몬베베_어차피_추천해도_니가_먹고싶은거_먹겠지 https://t.co/Nqc4ncJCKs",https://twitter.com/egg1ife/status/1533400104904065024
50,2022-06-05 07:42:48+00:00,9oosa,94,"🍕합정 더피자보이즈

여기 피자 존맛이에요…
형원이 생일날 갔던 곳인데 갑자기 피자 먹고 싶어져서 생각남 먹기 편하게 컷팅돼서 나오는 것도 완전 good

#몬베베가_몬베베에게_추천하는_맛집 https://t.co/aXVVr3MjV3",https://twitter.com/9oosa/status/1533353631948623872
51,2022-06-04 10:08:26+00:00,lettherebetiger,라자,"📍합정 난 

혓바닥에 흥선대원군 사는 여자의 한식 탐방기 🫶🏼
김밥전 &lt;&lt; 이거 짱맛!! 

#순영아_이거_맛있어 
#채형원_너는세입도못먹겠지 
#몬베베가_몬베베에게_추천하는_맛집 https://t.co/jJbZSEECRT",https://twitter.com/lettherebetiger/status/1533027894296842245
52,2022-06-03 16:24:40+00:00,anything_ilove,청경소녀 🫧,"몬스타엑스서울앙콘기원14일차

합정 ""멘야하나비""

메뉴는 도니꾸마제소바 (선착판매)
제 기준 최고의 마제소바 맛집입니다
원래 좋아하는 사람들만 데리고 가는데요, 
다들 이거 보고 정보 얻으셧으면
몬스타엑스서울앙콘한다고 
소문을 좀 내주셨음 합니다

#몬베베가_몬베베에게_추천하는_맛집 https://t.co/3M6nEURAVm",https://twitter.com/anything_ilove/status/1532760186506858497
53,2022-06-03 05:21:49+00:00,bee_whale0,어흥🐯,"📍 합정 피자네버슬립스

맥주필수! 코젤 다크에 생크림 추가하고 
시나몬 뿌려먹으면 최고❤️‍🔥

#몬베베가_몬베베에게_추천하는_맛집
#주헌_너는한입가득못먹겠지 https://t.co/TNSU5owWFq",https://twitter.com/bee_whale0/status/1532593374125244416
54,2022-06-03 05:04:21+00:00,anything_ilove,청경소녀 🫧,"몬스타엑스서울앙콘기원13일차

음식사진잘못찍습니다
오늘부터이타래로식당추천갈게요

합정 ""썬키친"" 이미 유명한 곳인데요,
고등어덮밥이 미친놈입니다 .. 🫠
개인적으론 저녁에 가서 술과 함께 하고픈 
곳이었습니다 

#몬베베가_몬베베에게_추천하는_맛집 https://t.co/na3UfNlmam",https://twitter.com/anything_ilove/status/1532588977848750080
55,2022-06-01 17:28:03+00:00,_mx_lemon,많이 느린 🍋레몬🍋,"🍕합정 델리카테슨🍗

주허니 몬민수하러 댕겨와따리~
가게가 생각보다 작아서 울슈스가 여기서 먹었다닝 신기신기 동방신기
반신반의 했는데 맛있어서 주헌이 입맛은 믿고 감🧡

메뉴
- 치즈버거피자🧀🍔🍕
- 버팔로 치킨윙
- 복숭아에이드🍑

#몬베베가_몬베베에게_추천하는_맛집 https://t.co/a1NS5kcpBn",https://twitter.com/_mx_lemon/status/1532051363156627456
56,2022-06-01 07:08:27+00:00,im_bebe126,뀨이¨̮∗⿻ᐝ,"📍남산호랭이 합정
게살꾸림파스타&amp; 스테이크샐러드피자
유명한 맛집이라 설레는 마음으로 갔는데 오픈전에도 몇팀 줄서계셨다..🫢
메뉴 짱많고 완전 맛있고오 다음에 또 갈거같은..? 
#몬베베가_몬베베에게_추천하는_맛집
#임창균_너는한끼뚝닭먹겠지 https://t.co/T8OPzJMSt4",https://twitter.com/im_bebe126/status/1531895433781313536
57,2022-05-28 13:39:54+00:00,imjacat,임자,"합정 나루토 오모테나시

배가 그렇게 고프지 않은 상태여서 A세트 주문햇구 만족스럽게 먹엇어여 코스요리 메뉴가 하나가 잘못나와서 복숭아토마토 서비스로 받았는데 이게 개존맛. . 
#몬베베가_몬베베에게_추천하는_맛집
#창균아_오늘의_일반식 https://t.co/a54jdfkW99",https://twitter.com/imjacat/status/1530544392817483776
58,2022-05-28 06:14:10+00:00,montijyu,SLOW 몬티쥬🎗,"합정 맛집🥺
굉장히 조용하고 1-2명이서 오기 딱 좋은,, 🤍
사장님도 친절해여~🤍🤍 
#몬베베가_몬베베에게_추천하는_맛집 https://t.co/jTNlOpIwYQ",https://twitter.com/montijyu/status/1530432222150656002
59,2022-05-26 14:18:32+00:00,voyazger,my,"🏷 합정 썬키친

소문대로 고등어덮밥&amp;마라비빔면이 정말 맛잇어요.. 직원분이 고등어덮밥을 직접 비벼주시는데 그 전에 사진 찍을 수 있게 빠져주심 아주nice🤟🏿🤟🏿♥ 재방문의사완존잇음◠.◠

#몬베베가_몬베베에게_추천하는_맛집 https://t.co/zVLcNPXajw",https://twitter.com/voyazger/status/1529829340720279552
60,2022-05-23 14:37:09+00:00,xxgong222,공이!🍂,"📍 합정  |  오마이데이즈

라구떡볶이랑 맥앤치즈피자 먹었어용!!
가격대가 있는 편이긴 한데 너무너무 맛있었음 둘이서 다 먹을 수 있을 줄 알았지만 생각보다 양이 많아서 피자는 포장했어용 자몽하이볼 굿!

#몬베베가_몬베베에게_추천하는_맛집
#승연아_우즈야_여기야
#욧집
#훈슐랭_여기도가봤니 https://t.co/tzcRrsDqX0",https://twitter.com/xxgong222/status/1528746864278839296
61,2022-05-22 14:07:39+00:00,uchocoba111,uchocoball,"📍 합정 구공탄

오늘 또 평을 다짐한 하루 .. ♡ 🌹
너 없이 내가 어케 살아 ,,
 
#몬베베가_몬베베에게_추천하는_맛집
#기현_너는맘마먹고다시시작하겠지 https://t.co/j24dfckSKd",https://twitter.com/uchocoba111/status/1528377052617113601
62,2022-05-22 06:47:33+00:00,PINKS2ODA,스투,"📍 홍대 합정 모미모미

아직 저녁 안드신 분들
홍대에서 헤매고 잇으신 분들 ..
당장 모미모미로 레쭈고
전 벌써 3번째 방문햇음 ( ⸍ɞ̴̶̷ ·̫ ɞ̴̶̷⸌ )♡

#순영아_이거_맛있어 
#리노는_배고파
#캐럿들_여기_캐맛있어
#몬베베가_몬베베에게_추천하는_맛집 https://t.co/2bxIZUrDxc",https://twitter.com/PINKS2ODA/status/1528266296831246336
63,2022-05-17 01:21:58+00:00,ssu_immi,꿍당 ◡̎ 🫧,"📍합정 비스트로 사랑방

#몬베베_어차피_추천해도_니가_먹고싶은거_먹겠지
#임창균_너는한끼뚝닭먹겠지 

✨귀염둥이 동생들✨(꼭쓰라함)이랑 감자베이컨 뇨끼&amp;양송이들깨크림리조또&amp;살치살스테이크 먹고 옴 스테이크는 두 말할거 없고 감자 뇨끼가 진짜 최고였음🧀🥔🤍 뇨끼 이뇨끼 @m514x926 https://t.co/NCnT6qQ4iB",https://twitter.com/ssu_immi/status/1526372422391189504
64,2022-05-16 11:35:58+00:00,mys2kyun,이구,"Fღʀєνєʀ Ĥɑʍsтєʀ Fɑи Dɑγ🐹
(@_kikiluv_93 제일 햄복하십쇼💙) 

📍합정 잠두봉더나인

#기현_너는맘마먹고다시시작하겠지 
#이구또먹어 https://t.co/STzUqwSCuq",https://twitter.com/mys2kyun/status/1526164550202331138
65,2022-05-15 11:32:14+00:00,imwl_im,ㄱㅛㄴ,"🍴 우규 / 합정
해삐 514+1 day ♥️

#임창균_너는한끼뚝닭먹겠지
#민혁_너는이미북마크해놨겠지
#몬베베_어차피추천해도니가먹고싶은거먹겠지 https://t.co/b547qcCZ2x",https://twitter.com/imwl_im/status/1525801223852421120
66,2022-05-14 12:07:42+00:00,wavecck,겨울☃️,"🎈 합정 거문양

토마토 해물탕, 감바스 다 맛있었던 🤤
직원 분들도 친절하셔서 기분 좋았어요 ৎ୭ 
다들 꼬옥 와주시기 ,, 🫶🏻

#몬베베가_몬베베에게_추천하는_맛집
#임창균_너는한끼뚝닭먹겠지 https://t.co/5DKJzaC8v8",https://twitter.com/wavecck/status/1525447762531057664
67,2022-05-14 10:21:48+00:00,iwantlotto1st,갬,"늦었지만 마포(연남-홍대-합정) 쪽 데뷔카페 가시는 몬베베들에게...(타래로 계속
📍오레노라멘
📍델리인디아
📍연교
📍소이연남
#몬베베가_몬베베에게_추천하는_맛집 https://t.co/3Yj0sARsh4",https://twitter.com/iwantlotto1st/status/1525421110883667968
68,2022-05-12 14:06:53+00:00,Luvnoise57,🍏,"🐱합정 카밀로라자네리아
&gt;&gt; 명불허전 라자냐 맛집➰
항상 사람이 많고 .. 많아요 •• 그치만 라자냐랑 생면 파스타 먹어보면 그럴만함 🍽

#몬베베가_몬베베에게_추천하는_맛집 https://t.co/havDwNmPez",https://twitter.com/Luvnoise57/status/1524752978242342913
69,2022-05-12 12:10:02+00:00,Bell_JS2,벨,"🛳 합정 - 잠두봉더나인 

점심 패쓰! 5시쯤 가서 바로쭈고!
한강뷰 삼겹살.. 틀릴리가..
노을 보면서, 바람 느끼면서, 한강 보면서 
무드에 취해 몽베베친구랑 고기 순삭함! 
뷰맛집에 고기도 맛있었음!!! 
한강인데 한강라면도 무조건임 ~~~~🫶🏻

#준서야_너는_뭐먹니
#채형원_너는세입도못먹겠지 https://t.co/5ZHjjNYOD9",https://twitter.com/Bell_JS2/status/1524723574828716034
70,2022-05-07 05:02:17+00:00,im_ddingkka,띵까,"#몬베베가_몬베베에게_추천하는_맛집 
합정/망원 시오라멘 맛집ෆ #멘야준 https://t.co/F6iJW5jWhr",https://twitter.com/im_ddingkka/status/1522803986071695360
71,2022-05-04 14:56:52+00:00,from_yxxth,XX,"#냠긔탱긔
#몬베베가_몬베베에게_추천하는_맛집
🥩 합정 육회한달밤
육회보단 육사시미가 더 맛있었다 .. 한라토닉 복숭아보다는 청포도가 더 맛있고 기본도 괜찮았음 .. 라면이랑 계란말이도 맛있어요 굿..~ https://t.co/Wq5hVqUUgu",https://twitter.com/from_yxxth/status/1521866454605332481
72,2022-05-04 14:48:54+00:00,from_yxxth,XX,"#냠긔탱긔
#몬베베가_몬베베에게_추천하는_맛집
☕️ 합정 바이앤드커피
☕️ 서촌 아키비스트 https://t.co/6TPOELDOR2",https://twitter.com/from_yxxth/status/1521864449023381507
73,2022-05-02 09:28:02+00:00,Yourmyim0126,집사,"#몬베베_어차피추천해도니가먹고싶은거먹겠지
#몬베베가_몬베베에게_추천하는_맛집
#임창균_너는한끼뚝닭먹겠지

🐻 합정 해피베어데이

팬콘보다가 큰형이 너무보고 싶어서 옆집 형이랑 같이 다녀왔습니다. 긴말하지 않을게요. 

초코오레오케이크🍫🍰 제발 꼭 드셔보세요🍴 https://t.co/bmmdbcEOt5",https://twitter.com/Yourmyim0126/status/1521058927575666688
74,2022-05-02 07:53:15+00:00,dont90___,囧rz,"합정-망원 멘야준

시오라멘이 너무 맛있는 곳 .. 라멘 위에 올라가는 차슈도 색다르고 닭고기도 부드럽고 맛있음 !! 죽순까지 완전 야들야들 🥲 고기밥도 꼭 먹어주야되.
앞으로 라멘은 여기서만 먹어야지..

#몬베베가_몬베베에게_추천하는_맛집
#몬베베_어차피_추천해도_니가_먹고싶은거_먹겠지 https://t.co/epZHF0Dfo9",https://twitter.com/dont90___/status/1521035073381748737
75,2022-04-24 11:26:35+00:00,collectdaeng,앞니 마티스,"📍합정 육회한 달, 밤

육사시미 육회 세트 정말 굿 ..  ദ്ദി ｰ̀֊ｰ́ ) 
소고기 라면 너무 맛있어서 두번 먹었어요
육비도 짱이니까 꼬옥 드시긔  .ᐟ .ᐟ 

#몬베베가_몬베베에게_추천하는_맛집
#민혁_너는이미북마크해놨겠지 https://t.co/DGJcLxSwwI",https://twitter.com/collectdaeng/status/1518189658437419015
76,2022-04-16 08:40:13+00:00,qksdlqksdl,반이,"📍합정 더피자보이즈

갈릭 쉬림프가 너무 짱임 

📍상수 달콤한 거짓말

케이크 진짜 마싯고 커피도 위에 커피 얼음으로 올려줘서 
끝까지 커피 맛 진하게 먹을 수 있어여 .ᐟ.ᐟ  
산미 없어서 너무 좋음.. ₍ᵔ.ˬ.ᵔ₎

#정한아_마니머거여ㅎㅎ
#몬베베가_몬베베에게_추천하는_맛집 https://t.co/UvCYMpdC44",https://twitter.com/qksdlqksdl/status/1515248685487386624
77,2022-04-03 12:02:18+00:00,im_im_miya,임고냥내고냥,"#몬베베가_몬베베에게_추천하는_맛집
#셔누_넌이미먹었겠지만또먹어야겠지
#민혁_너는이미북마크해놨겠지
#기현_너는맘마먹고다시시작하겠지
#채형원_너는세입도못먹겠지
#주헌_너는한입가득못먹겠지
#임창균_너는한끼뚝닭먹겠지
#맛있겠짛_주연앟

더비와 또 방문한 #합정 #망원

강화 통통 생고기 https://t.co/vwyAwE873O",https://twitter.com/im_im_miya/status/1510588502341128195
78,2022-04-02 16:25:48+00:00,9dldl,ㅅㅐㄹ리,"🤍 합정 거문양
예약하고 가시능거 추천!! 토마토 해물탕 진짜 꼭꼭 시켜야대요... 해물 안조아해도 이건 시켜야대요 진짜 맛있어서 나 백종원됏잖냐..  계속 서비스 소매넣기 하고가심 짱친절하고 포스트잇 남기고오는 소소한 재미까지...(ᵔ-ᵔ)

#여기맛있승민 #몬베베가_몬베베에게_추천하는_맛집 https://t.co/aRvDXPLI2x",https://twitter.com/9dldl/status/1510292423095717888
79,2022-04-02 09:35:40+00:00,mang_o____,망고,"📍합정 해피베어데이

#유태양_냠냠해
#태양아_이거어때_난좋은데
#채형원_너는세입도못먹겠지 https://t.co/tHC9C8nF3W",https://twitter.com/mang_o____/status/1510189211173154817
80,2022-04-01 09:05:42+00:00,mzhwkii,kiki,"#몬베베가_몬베베에게_추천하는_맛집
#정우의_원데이식스밀
합정 219 레알 미친넘 https://t.co/aN4zbsaOW2",https://twitter.com/mzhwkii/status/1509819280824565766
81,2022-03-27 16:17:35+00:00,xxckthesekai,마츠,"🍻더캐스크 | 합정

포토맥주는 즐거움을 주기에 충분했다…
그리고 안주가 맛있어요
민혁이 얼굴 호로록

#몬베베가_몬베베에게_추천하는_맛집
#민혁_넌이미북마크해놨겠지 https://t.co/jXZCkvI6YA",https://twitter.com/xxckthesekai/status/1508116029788258309
82,2022-03-27 12:40:45+00:00,circle_Iove,재채기,"🎸 합정 너드플래닛

분위기가 넘 좋구요..♡ 밴드걸은 지금 넘 행복함🫶
신청곡도 무제한으로받아주심!!! 
글고 인스타디엠으로 코타츠 예약하면 앉을수있어요!! 
꼭 하시길。。。🫧🫧

#채형원_너는세입도못먹겠지 #너드플래닛
#몬베베가_몬베베에게_추천하는_맛집 https://t.co/wsBCg2zGet",https://twitter.com/circle_Iove/status/1508061461708685320
83,2022-03-27 06:29:26+00:00,jjapsik,잡식,"📍합정 23플래터

수비드목살플래터? 진짜 맛있구 피자도 반반 가능해서 여러가지 즐기기 좋은거같아용 자리마다 커튼 가능하긴한데 안되는 자리도 있어용 로제리조또는 맛있는데 먹다보몈 질리는 느낌이였어용

#몬베베가_몬베베에게_추천하는_맛집 https://t.co/kV7nHS5ghg",https://twitter.com/jjapsik/status/1507968015823872000
84,2022-03-24 10:38:46+00:00,nunu_ya_,ヌヌ,"☀️합정,망원 - 기요한
끝내준다 
기분 안좋았는데 화가 사르르 녹는 맛
직원분들도 엄청 친절하셔서 식사 내내 감동이였다..
식전 사시미도 진짜 맛있구 오챠즈케랑
시금치로 만든 테린느 느낌의 두부도 진짜 짱이야
다음엔 우니를 추가해서 먹어보겠어요
#몬베베가_몬베베에게_추천하는_맛집 https://t.co/LnzTkXgZ2g",https://twitter.com/nunu_ya_/status/1506943599123976193
85,2022-03-24 03:57:50+00:00,violettt_MX,REST임쿠,"일본여행 쿨타임 찬 가족들을 위해 합정 코스 소개해드림! (비트로드 완전 가까움)
담택, 쿠리노키제빵, 커스텀커피

담택 - 최애는 유자시오💛 돈코츠나 토리파이탄보다 담백하고 살짝씩 올라오는 유자향이 킥입니다.. 매장이 작아서 3명이상 가는거는 비추. 

 #몬베베가_몬베베에게_추천하는_맛집 https://t.co/crnty9M2et",https://twitter.com/violettt_MX/status/1506842703321243653
86,2022-03-20 10:20:48+00:00,koddakg_girl,뺩,"🔥합정 더피자보이즈🔥

레귤러 하나 먹었는데 넘 배불렀고.. 쉬림프가 존맛.. 메뉴가 나오기까지 좀 오래 걸리는데 기다린 보람있었다..

@i_runerun
#런쥔이의_맛집내비게이션
#런쥔이_밥무거쒀
#몬베베가_몬베베에게_추천하는_맛집
#민혁_너는이미북마크해놨겠지
#기현_너는맘마먹고다시시작하겠지 https://t.co/Q8OHx73MhL",https://twitter.com/koddakg_girl/status/1505489528043180032
87,2022-03-19 09:08:06+00:00,yolki_chae,솜,"#몬베베가_몬베베에게_추천하는_맛집

💚 합정 해피베어데이

개구리 당장 내 입으로🤤
깨굴이 당티쥬칭구 만났어요🤭 https://t.co/k7vPiBA8Mt",https://twitter.com/yolki_chae/status/1505108842476367873
88,2022-03-19 09:00:57+00:00,yolki_chae,솜,"#몬베베가_몬베베에게_추천하는_맛집

💚합정 23플레터

크림리조또 짱맛🤤🤤 https://t.co/NvOF7rqe17",https://twitter.com/yolki_chae/status/1505107043090198529
89,2022-03-19 03:10:50+00:00,gunggumhae_sn,밤톨과자,"#몬베베가_몬베베에게_추천하는_맛집 #합정 #상수 #홍대 #상수김치삼겹살

상수역 4번출구쪽에 위치. 
암퇘지삼겹 한근(600g) 36,000원
암퇘지 삼겹 160g 12,000원
찌개&amp;버섯 리필 2,000원
소주/맥주 4,500원
기본밑반찬에 구울신김치,콩나물,파절임 나오고 백김치,쌈채소(상추깻잎) 줌 https://t.co/VgW68zTE71",https://twitter.com/gunggumhae_sn/status/1505018932524068872
90,2022-03-18 14:08:05+00:00,xxckthesekai,마츠,"🍕더피자보이즈 | 상수(홍대,합정)

한 판에 네가지 맛까지 넣을 수 있는 피자😻
같이 나오는 갈릭소스에 피자 꼬다리까지 콕 찍어먹으면 완벽함
냠냠

#민혁_넌이미북마크해놨겠지 
#몬베베가_몬베베에게_추천하는_맛집
#현이도_먹어봐 https://t.co/y8tIFU4jTS",https://twitter.com/xxckthesekai/status/1504821947934584833
91,2022-03-16 05:40:53+00:00,IM_99ooing,꾸잉,"#몬베베가_몬베베에게_추천하는_맛집

합정 아로

뇨끼가 너무너무 먹고싶어서 
뇨끼 맛집이라는 아로에 와봤어용
대파 초리조 그라탕 뇨끼랑
오늘의 파스타로 봉골레 먹었습니달라
뇨끼 진짜 맛있었음!!!!!
치즈 맛이 진해서 조앗어요
다음에는 단호박크림뇨끼 먹으러 또 가고싶은... https://t.co/pIrWFRxe41",https://twitter.com/IM_99ooing/status/1503969531903234049
92,2022-03-07 14:58:00+00:00,w_hamtori,토리🐹,"📍상수 / 합정 야키토리 나루토

3쿠시 시키고 추가로 이것저것 시켜봤는데 모든 메뉴가 부드럽고 육즙이 미쳤,,,
논알콜 사와도 있어서 주량 댕민수 하시는 분들도 편하게 즐기실 수 있어요 !
직원분들도 정말 친절하셔요💗
웨이팅이 길어서 예약을 추천합니당

#몬베베가_몬베베에게_추천하는_맛집 https://t.co/nYUW8rY3xX",https://twitter.com/w_hamtori/status/1500848243915497474
93,2022-03-02 12:15:14+00:00,gp10top,bs,"📍합정 피오니

랜다시 하고 간단하게 들른 카페!
딸기 빙수가 도른자임🍓

#리노야_여기_맛이죽인다했어_진짜죽여
#몬베베가_몬베베에게_추천하는_맛집
#영훈아_빵빵하게_먹어 https://t.co/PGsMJUhalF",https://twitter.com/gp10top/status/1498995342838480898
94,2022-03-01 10:26:58+00:00,oxramxxo,ram♡,"#몬베베가_몬베베에게_추천하는_맛집

합정 온돌

뜨끈한 국물먹고싶어서 갓는데 너무맛잇어서 눈이 훼까닥 돌음 진짜 쥰내맛잇어요
묻지도따지지도말고먹고판단해 https://t.co/ujxNt3O4R9",https://twitter.com/oxramxxo/status/1498605709793316864
95,2022-03-01 08:10:28+00:00,dlackdrbswswd,공K,"#몬베베가_몬베베에게_추천하는_맛집

합정 라뽀즈 이어서

아무래도 유제품이 안 들어가 시트에 점도가 적지만 불편하지 않은 정도
비건 케이크에 집중 하셨을까 했는데 커피에 다양한 티종류, 심지어 샹그리아와 하우스와인까지 다양한 선택지가 있어서 사장님의 세심함이 돋보인다💜 https://t.co/iXw34Ao1Ch",https://twitter.com/dlackdrbswswd/status/1498571359617617920
96,2022-03-01 08:06:33+00:00,dlackdrbswswd,공K,"#몬베베가_몬베베에게_추천하는_맛집

합정 라뽀즈(비건카페)

70년대 쯤 유럽(영국) 느낌의 아기자기한 카페
외관 인테리어도 신경 쓰신 게 티나고 분위기가👍 2인석 위주

레몬 코코넛 케이크
첫 입 먹엇을 때 한 3초 지나서 코코넛이 씹히면서 향이 좋고 마지막쯤 레몬향이 치고 올라와 향긋🥰 https://t.co/YsSQekvJQU",https://twitter.com/dlackdrbswswd/status/1498570372987297794
97,2022-03-01 08:03:23+00:00,dlackdrbswswd,공K,"#몬베베가_몬베베에게_추천하는_맛집

합정 남산호랭이 이어서
스테이크 샐러드 피자 - 크기가 크지는 않지만 4등분만 해서 나와서 함께 나오는 나이프로 더 잘라 드시길 추천
페스츄리 도우가 기깔나고 토핑 특성상 따로 놀기 때문에 조각내서 포크로 찍어(?) 먹어야..
가게가 깔끔하고 예뻤음ㅎㅎ https://t.co/C1FDHN51X9",https://twitter.com/dlackdrbswswd/status/1498569575713050624
98,2022-03-01 08:01:00+00:00,dlackdrbswswd,공K,"#몬베베가_몬베베에게_추천하는_맛집

합정 남산호랭이
차돌중화파스타 - 맵찔 기준 매콤 아니고 맵,,,다,,💦💦
깻잎이 데코처럼 올려나오긴 하지만 깻잎 안 드시는 분은 미리 빼달라고 말씀 드리길!
생각 보다 많이 나옵니당 https://t.co/GpTTyfkVKG",https://twitter.com/dlackdrbswswd/status/1498568977496170498
99,2022-02-28 12:39:35+00:00,byoing1122,뵤잉,"#몬베베가_몬베베에게_추천하는_맛집 합정

🐯남산호랭이

파스타가 매콤한것이 크림파스타인데도 안 물리고 맛있어요 굿굿 비트로드랑 꽤 가까움
웨이팅은 없었음! https://t.co/SZbNGfEbPJ",https://twitter.com/byoing1122/status/1498276694754738183
100,2022-02-27 05:28:17+00:00,moonxarchive,몽,"📍합정 아우룸

분위기도 좋고 파스타 맛집…🤤 
버터 리가토니, 쉬림프 오일 파스타 넘 맛있어효🍝🤍

#먹태일_기릿
#기현_너는맘마먹고다시시작하겠지 https://t.co/USoWXDVIdM",https://twitter.com/moonxarchive/status/1497805769206812674
101,2022-02-26 15:17:22+00:00,dlackdrbswswd,공K,"#몬베베가_몬베베에게_추천하는_맛집

합정 카페일육삼 카페163 cafe163

딸기 케이크 맛집•• 시트 가득 딸기 들어있고
딸기 요거트 생크림 케이크, 딸기 베리(?) 케이크, 딸기 생크림 케이크, 준비 중이시던 케이크 까지 딸기 파티 카페💜
음료도 무난~이상 이었고 카페도 대단히 분위기 있었다🥰 https://t.co/sMa1fizEeC",https://twitter.com/dlackdrbswswd/status/1497591627765870594
102,2022-02-15 09:15:28+00:00,skyofIM,꾸베🔖,"📍더한 쭈꾸미 홍대점
합정역 근처라서 합정 가시는 분들한테 추천합니당.ᐟ.ᐟ
쭈곱새 짱 맛있어요❤️ 양은 좀 적지만 볶음밥까지 먹으면 딱 좋아요🖤 술도 가볍게 곁들이기 좋은 메뉴예요:)

#몬베베가_몬베베에게_추천하는_맛집
#창균아_오늘의_일반식 https://t.co/aWE4B5TrqU",https://twitter.com/skyofIM/status/1493514284092985344
103,2022-02-14 14:19:14+00:00,this_g_mm_crazy,slow 날미,"#몬베베가_몬베베에게_추천하는_맛집
📍합정 거문양
원주세트 정말 맛있어요! 다만 알쓰들은 맛있다고 많이 마시면..골로갈수 있으니 주의..!(본인얘기)
음식도 정말 맛있고,조금씩 막 뭘 챙겨주시는데 너무 기분 좋은 곳이였어요💜 
그리고 자잘한 재미들도 많아서 좋았어요🥰 https://t.co/y50h3pTrSc",https://twitter.com/this_g_mm_crazy/status/1493228344481296387
104,2022-02-14 11:58:28+00:00,jamongmong_62,느린🚶‍♀️자몽몽,"#몬베베가_몬베베에게_추천하는_맛집
합정 거문양!
여기 서비스 좋구 감바스 맛있어요오 무엇보다 서울토닉 먹을까 원주토닉 먹을까 하다가 알쓰라 원주토닉 먹었습니다... 너무 맛있어서 더 마셨으면 주량 넘을 뻔ㅎㅎㅎ 중간중간 소소한 이벤트 많아서 기분 좋아지는 곳이였어요 추천합니댱 https://t.co/EKaqqoDtJJ",https://twitter.com/jamongmong_62/status/1493192919922077696
105,2022-02-12 10:46:52+00:00,im_im_miya,임고냥내고냥,"#몬베베가_몬베베에게_추천하는_맛집

합정 #비트로드 5분 거리

강화 통통 생고기

여태 갔던 식당 중에 가장 김치가 맛있던 집!
계란찜은 서비스! 다슬기된장밥은 완전 필수!
(갈치속젓은 내가 아니라 더비가 쏟음) https://t.co/zJxKAzZm9j",https://twitter.com/im_im_miya/status/1492450122474479618
106,2022-01-31 11:18:52+00:00,kikiandnov,김노브🍀,"#몬베베가_몬베베에게_추천하는_맛집 

명절에 칵테일 추천해도 되나요? 하지만 맛있었기에..합정 아초바 추천합니당♡ 사운드웨이브 근처라 찾기도 쉬움
바텐더분들 세상 친절하시고 오른쪽 칵테일은 여기만 있는 칵테일인데 바닐라+다크초코 조합 진짜 달달하구 맛나요..💞특이한 칵테일 많음! https://t.co/mspH7ujyrj",https://twitter.com/kikiandnov/status/1488109522438672385
107,2022-01-27 16:03:29+00:00,shxxdkrl,아가,"여기 모르면 바보
합정 해피베어데이
한빈아 가봐라 니 닮은 병아리 케이크 꼭 먹고
#존나이게맛집이지
#정말이게맛집이지
#몬베베가_몬베베에게_추천하는_맛집 https://t.co/IK0qvq4vWG",https://twitter.com/shxxdkrl/status/1486731596543578119
108,2022-01-25 05:58:13+00:00,MinhyukCookiee,밍쿠🐳,"🐈‍⬛균랑 하는 여자 3명과 💜
🐶강아지 남자사랑하는 댕프2명 💙

창균이 생카 갔다가
디저트 맛집 머씨커피 🍋

#몬베베가_몬베베에게_추천하는_맛집 합정
#민혁_너는이미북마크해놨겠지
#임창균_너는한끼뚝닭먹겠지 https://t.co/dr6wbevETE",https://twitter.com/MinhyukCookiee/status/1485854500392878080
109,2022-01-24 00:47:24+00:00,hyeonOioi,Oi☺︎,"📍김씨육면 - 홍대 합정

찐으로 청육돈면 국물 미쳤😭
너무너무 맛있어요
하루50그릇 한정이니 꼭 드셔보세요
홍돈육면도 맛있어요!
그런데 청육돈면이 미친놈
시금치맛 하나도 안나요
감태주먹밥도 맛있으니 꼭 사이드로 주문 추천!

#몬베베가_몬베베에게_추천하는_맛집
#임창균_너는한끼뚝닭먹겠지 https://t.co/ggyMCvZ5B6",https://twitter.com/hyeonOioi/status/1485413895015890945
110,2022-01-23 10:22:15+00:00,kikimx_,키키여우◜◡◝,"맛있구 즐겁구 기현이는 예쁘구💙
상수? 합정?에 있는 경주식당에서 고기 잔뜩 먹을 수 있었는데 밥도 찌개도 와인도 맛있는!! 

#몬베베가_몬베베에게_추천하는_맛집
#기현_너는맘마먹고다시시작하겠지 https://t.co/eGtUabJDuz",https://twitter.com/kikimx_/status/1485196170834366467
111,2022-01-21 10:22:24+00:00,Pomeuki,포메 🫧,"📍합정 더 캐스크 
포토맥주를 할 수 있어요 생각보다 거품이
쫀쫀해서 얼굴이 오래오래 남아있습니다 🤤
맥주도 맛있더라구요 ?

📍예티
인도 커리집! 기현 민혁이 몬민수했는데 조용하고 맛있어요 !!

#몬베베가_몬베베에게_추천하는_맛집 홍대 https://t.co/AxFnPGdxvO",https://twitter.com/Pomeuki/status/1484471431559737349
112,2022-01-19 14:08:46+00:00,imherebutnthng,사유slow,다들 고수포차 웨이팅 걸어놓고 상수살롱 가세요!! 새송이강정 버섯두루치기 꼭 시키기!!🥺🥺🥺 #몬베베가_몬베베에게_추천하는_맛집 홍대 상수 합정 #비건식당 https://t.co/NTvNK8rMQv,https://twitter.com/imherebutnthng/status/1483803624849690632
113,2022-01-19 12:02:51+00:00,savekgirls,사백길,"합정 천이오겹살 / 냉동삼겹살 김치비빔국수 차돌술밥 
합정역에서 촛나 가깝다는 점에서 백점 드립니다 물론 고기 자체가 맛있음🤤 어리굴젓 없어도 굿👍🏻 무생채 김치 파절이는 알아서 계속 리필해주심! 나 여기 또 갈래
@5889hj
@wowtheb_
#몬베베가_몬베베에게_추천하는_맛집
#백길아_밥먹자 https://t.co/Xfocgae5tT",https://twitter.com/savekgirls/status/1483771936261902337
114,2022-01-16 13:51:48+00:00,minhyuk_god,SLOW🌸민혁신🌸,"#ㅌㅇㅌㅇㅈ
#민혁_너는이미북마크해놨겠지 
#햄켠이랑_햄콩달콩

합정 낮술 후 용산 가서 앨깡 후 육회랑 밤술💚 사사온니랑 신이추천맛집으로..👍 
내일을 위해 사이좋게 소주 한병씩 먹었쥬 
(사실 낮술까지 1병 반..) 
새우 다 구웠는데 형원이는 오지 않았다고 합니다..🥲 그래서 내가 먹었어..ㅎ https://t.co/q1Tb2gWr7j",https://twitter.com/minhyuk_god/status/1482712190666739715
115,2022-01-16 08:47:51+00:00,foxorshark,참새,"🐾 상수 데우스

딸기케이크 짱 마싯어어어어어 🤧 
햄스터들이랑 상수나들이 〰 🖤
여기 디저트 완전 맛집이니까 합정 상수 가시면 꼭 가보시기 !! 저는 다먹고 사진찍어서 빵이 많이 없었는데 진짜 오억팔천개있어요 -!

 #몬베베가_몬베베에게_추천하는_맛집 https://t.co/DXZyXNNx5f",https://twitter.com/foxorshark/status/1482635698658508804
116,2022-01-16 07:39:48+00:00,G_Crevette,크림새우🍒,"#몬베베가_몬베베에게_추천하는_맛집

🍲 합정순대국

국물깔끔하고 고기랑 순대 잡내없고
양도 훌륭한데 김치가 진짜 미친놈이에요.
가게는 낡고 협소하지만, 화장실은 새로 리모델링해서 깔끔!! https://t.co/EeJqisnx3H",https://twitter.com/G_Crevette/status/1482618574422175747
117,2022-01-15 17:37:56+00:00,im_seul_mbb,스리슬,"#오프 _22.01.15
#몬베베가_몬베베에게_추천하는_맛집
 _합정 굴사냥

형원이 생일인지 내 생일인지 모르겠네 이거 원.. 채형원 너 어차피 쎄개밖에 못먹으니까 내가 대신 다 먹어쥼~~ 찐햄프 엠비비? 그게 나다.. 그게되나 유기현 조심하는게🐹 https://t.co/2vnpVF9Dvl",https://twitter.com/im_seul_mbb/status/1482406711504044032
118,2022-01-15 15:59:34+00:00,May_19978,메이,"📍합정 델문도

여기는 식사와 카페 같이 하는 곳이라 이동하기 귀찮은 사람에게 추천해요! 저는 디저트만 카라멜 커스터드 푸딩, 뱅쇼, 푸딩 아라모드를 먹었는데 푸딩은 평범하고 뱅쇼가 🤤

#맛있겠짛_주연앟
#이주연_난늘배고파_베베
#이재현_치킨이다가아니야
#몬베베가_몬베베에게_추천하는_맛집 https://t.co/HgAffQ6W6W",https://twitter.com/May_19978/status/1482381957241917440
119,2022-01-13 12:35:32+00:00,savekgirls,사백길,"합정 화연장 연화열도 / 양대창모듬구이 곱창전골
합정 너프 / 과일프렌치토스트
곱창구이랑 전골은 실패 않하니까~
프렌치토스트랑 딸기푸딩이 진쯔 맛있었음
@5889hj
@shutupYH
@immongsil
#몬베베가_몬베베에게_추천하는_맛집
#백길아_밥먹자 https://t.co/mEtwN4gVoE",https://twitter.com/savekgirls/status/1481605836233326593
120,2022-01-09 16:06:20+00:00,mbbyejin,꾸꿍한햄스터slow,"#몬베베가_몬베베에게_추천하는_맛집

📍합정 남산호랭이

제가 갔을 땐 웨이팅 10분정도 있긴 했는데 기다릴만 했구, 음식도 너무 맛있어요ㅜㅜ
몬베베인거 엄청 티냈더니 몬엑이들 노래두 5곡이나 틀어주셨어요♥️
꼭 가보세요 ㅎㅎ 가격도 나쁘지 않아요!! https://t.co/1Lac8Wq2G9",https://twitter.com/mbbyejin/status/1480209331400634371
121,2022-01-08 13:48:30+00:00,ii_imimim,엔쵸,"#몬베베가_몬베베에게_추천하는_맛집 
합정 오레노라멘
닭육수 베이스의 깔끔한 맛이고
닭고기 살살 녹아요..
내가 먹은 라멘 중에 제일 맛있었음ㅠㅠ❤
웨이팅 많은데 회전율이 좋아서 생각보다 많이 안기다리고 들어갈 수 있어요 https://t.co/6NxqYIYgdt",https://twitter.com/ii_imimim/status/1479812256972283904
122,2022-01-02 08:21:40+00:00,sprin93g,보망이,"🤎 합정 타오마라탕 🤎
진짜 진짜 맛이 위아원 그 자체임
#탱구야_여기존맛탱구리 #아일_여기당장구속시켜 #하현상_넌다못먹겠지 #여기맛있쿤 #몬베베가_몬베베에게_추천하는_맛집 #릴프릭이_함냐함냐함
@Ziqr_l @justbokk2 https://t.co/xSQJoxhm3a",https://twitter.com/sprin93g/status/1477555678646775808
123,2022-01-02 08:10:16+00:00,life_is_bus,남부,"합정 서강껍데기

미치겟다 ㅋㅋ 껍데기가 그렇게좋아요?ㅋㅋ

네, 정말 맛있으니 드셔보세요

 #승철이_이거먹고_볼빵빵했꾸마
#몬베베가_몬베베에게_추천하는_맛집 https://t.co/rhEdwESYMO",https://twitter.com/life_is_bus/status/1477552809579282432
124,2022-01-01 08:38:42+00:00,tkdksfo_x,나비,"#몬베베가_몬베베에게_추천하는_맛집
합정 남산호랭이 !! 가격이랑 양 양심적이에요👍👍 넓고 좋음ㅎㅎㅎㅎ
@betty5342 https://t.co/tYt35VusIx",https://twitter.com/tkdksfo_x/status/1477197578169352192
125,2021-12-24 09:38:46+00:00,mon_P_anda,팬더,"#몬베베가_몬베베에게_추천하는_맛집
📍합정 ‘커넥츠커피’
짱균이 같은 딥초콜릿, 걸죽하고 진하고 쌉싸름한 초콜릿 그 자체🍫 미녀쿠 뒤에 있는 자몽얼그레이, 자몽을 그대로 갈아넣은 것 같은 상큼함🍊 바나나푸딩도 최고🍌
그리고 어떻게든 6멤버를 음료와 함께 한 사진에 담고자 노력한 결과.jpg https://t.co/lTJk9dk6Sw",https://twitter.com/mon_P_anda/status/1474313593810472964
126,2021-12-23 10:25:59+00:00,x_xxem___,젬,"📍합정 아로
뇨끼 맛집이라고 해서 찾아간 식당! 단호박크림뇨끼는 크림이 부드럽구 리조또는 촉촉한 안심과 불향가득 파의 조화가 굿。。。 매장이 넓은 편은 아니라 예약하고 가는게 좋을듯해요 애견동반 가능하니 참고하시면 좋을것같아요-ˋˏ ♡ ˎˊ- 

#몬베베가_몬베베에게_추천하는_맛집 https://t.co/LM0DS8owPh",https://twitter.com/x_xxem___/status/1473963087200124936
127,2021-12-21 11:03:16+00:00,egg1ife,🌊에라🫧,"몽슈깅이랑 데이트💕
채프지만 햄포자이를 가지고있는 대단한 여성..👍
앨범깡도 했지만 에라는 운이없어요

📍연남 틱텍톡
📍합정 미삼

#몬베베가_몬베베에게_추천하는_맛집 https://t.co/wjeUHY9eyw",https://twitter.com/egg1ife/status/1473247694265384960
128,2021-12-05 13:12:36+00:00,mypuppyd1ary,♡ㅏ강⋆｡˚🤟🏻,"#여기맛있승민
 #몬베베가_몬베베에게_추천하는_맛집
#현이도_먹어봐

🤍 합정 신김치생삼겹살

럭드하고 위장에 기름칠하기 👍🏻
볶음밥 필수!!! https://t.co/sGROiKTeEz",https://twitter.com/mypuppyd1ary/status/1467482037347315713
129,2021-11-30 17:53:12+00:00,tal_te_ham,"🎀창균이엉덩이좋아!뿡…,🎀","#임창균_너는한끼뚝닭먹겠지 
#몬베베가_몬베베에게_추천하는_맛집

합정 NoiTre !!
가게자체가 반지하에 너무 분위기 있어서 너무 맘에드는.. 단골집이 될거같은 곳♡ 
음식도 너무너무 맛있고 종류도 엄청 다양해서 취향따라 선택하기도 정말 좋을듯합니당
그리고.. 서빙해주던 언니가 이쁨♡♡!! https://t.co/DgBVVRkaFL",https://twitter.com/tal_te_ham/status/1465740713073602562
130,2021-11-27 14:55:59+00:00,jk_0909_,뀨,"📍 합정, 띠오 데 산타바바라 

파히타플래터 맛있고 무엇보다 소스가 다양해서 제일 맘에 드는 
2명이서 또띠아 한 번 리필해서 먹으니까 딱 적당한 양이였어요 ! 
같이 간 친구 말로는 다른 메뉴들도 맛있대요 😝

#준규_메롱 
#몬베베가_몬베베에게_추천하는_맛집 https://t.co/dO3rkibyWW",https://twitter.com/jk_0909_/status/1464608951421394953
131,2021-11-27 13:54:16+00:00,yolki_chae,솜,"합정 더캐스크
“포토맥주”…먹고오㉰
#몬베베가_몬베베에게_추천하는_맛집 https://t.co/oZCVObhP35",https://twitter.com/yolki_chae/status/1464593420412801025
132,2021-11-22 05:35:42+00:00,Sunnyda__y,대이,"📌 합정 화연장 연화열도

한우 양대창 모듬구이 + 얼큰 순두부찌개ఇ
(육사시미+육회 서비스😍)
허버허버 순식간에 싹싹 비워먹음
진촤 맛있다..... 입에서 살살 녹음......
순찌필수!! 볶음밥필수!! ♥️♥️

#짠짠_대박이지
#몬베베가_몬베베에게_추천하는_맛집
#김선우_맛있는걸내가놔둘리가
#ㄷㅂㅇㅈ https://t.co/YJsXDrS19I",https://twitter.com/Sunnyda__y/status/1462656011081113605
133,2021-11-17 15:15:44+00:00,jyaeddo,쟤또,"합정 김씨육면

감태 처음 먹어보는데 너무 맛있엇음..
다음에 가면 8알 먹고싶을 정도로
너무 째끄매서 아쉬웠음ㅠㅠ 감태주먹밥 존맛
꼬옥 먹어야함
국수도 한입먹자마자 미친놈이네 &lt; 하는곳
김치조차 맛있음...
김치 약간 대기업맛

#ㅌㅇㅌㅇㅈ
#몬베베가_몬베베에게_추천하는_맛집 https://t.co/pfteVyrAdo",https://twitter.com/jyaeddo/status/1460990041451233283
134,2021-11-14 12:43:10+00:00,kihyunisgod,웅앵,"#몬베베가_몬베베에게_추천하는_맛집

합정 거문양 

사장님이 친절하고 안주가 너무 맛있어요。。
서울토닉도 맛있어서 술술 들어감 🤍 
서비스 엄청 주셔서 오랜만에 기분좋게 만취 🤤

🤍 * · 。@kikidite @WOo_z2Z 。· * 🤍 https://t.co/H5vBMCu6BL",https://twitter.com/kihyunisgod/status/1459864485414334465
135,2021-11-13 11:26:31+00:00,danggeee_,댕이,"💛합정 타치카와텐💛
맛집 레이더 몬베베 해시태그로 추천받은 합정 맛집
3시쯤 도착하니까 사람두 없고 음식도 금방 나왔어요! 가라오케있는 A세트에 가라오케동 시켰는데 햄버거 한 세트 시킨 것처럼 배불렀다는••• 맛도 있는 맛집💙
#몬베베가_몬베베에게_추천하는_맛집 https://t.co/FMLqrK1LK9",https://twitter.com/danggeee_/status/1459482805142888448
136,2021-11-06 13:16:02+00:00,whatamIM,이름은 비울 수 없습니다,"#몬베베가_몬베베에게_추천하는_맛집

합정 김씨육면

고기육수 특유의 맛도 살면서 담백한 느낌? 맛있고 푸짐한데 1인 1메뉴 시키면 면 리필 가능하다고 함!
홍돈육면 맛있게 매콤해서 끝내주는 해장을 함,,,, https://t.co/LcUQN4AcNo",https://twitter.com/whatamIM/status/1456973649710182401
137,2021-11-06 11:48:58+00:00,ii_imimim,엔쵸,"합정 별의조각
에이드가 대박 맛있음 직접 담근 과일청으로 만들고 과일 본연의 깔끔한 단맛이라 질리지 않고 흡입가능🤤 진하고 꾸덕한 치즈맛을 좋아하시면 바스크 치즈케이크 꼭 드셔보시기‼️일러스트 작가 전시가 많이 열리는 곳이라 구경하는 재미도 있어욥
#몬베베가_몬베베에게_추천하는_맛집 https://t.co/L2uVsiTP2m",https://twitter.com/ii_imimim/status/1456951741828657157
138,2021-10-31 10:35:13+00:00,nunnuyaaa,미역 ꕤ,"#몬베베가_몬베베에게_추천하는_맛집

 •합정 더 캐스크•

서방님을 맥주에 동동 띄워보세요....
맛있는 맥주를 더 맛있게 만들어주는 마법♡
@chaebrow_ https://t.co/Gk29Wzvia9",https://twitter.com/nunnuyaaa/status/1454758853120180227
139,2021-10-02 05:01:35+00:00,taengeju,엄댕,"올이니랑 드디어 만낫두
피자먹을 땐 피자댕이져 💟
만난지 한시간도 안됐는데 벌써부터 말 우다다하는중 🤍

#몬베베가_몬베베에게_추천하는_맛집
합정 피자네버슬립스 https://t.co/FhTGl0gFlZ",https://twitter.com/taengeju/status/1444165642676961281
140,2021-09-18 13:35:26+00:00,tal_te_ham,"🎀창균이엉덩이좋아!뿡…,🎀","#임창균_너는한끼뚝닭먹겠지 
#몬베베가_몬베베에게_추천하는_맛집

홍대?합정? 미담진족
진짜짱맛.. https://t.co/eu5o2hgyT0",https://twitter.com/tal_te_ham/status/1439221530618040320
141,2021-09-12 12:30:13+00:00,0oonue,온느,"📍합정 브런치 카페 어반플랜트

여기 비건 음식은 아닌데 먹으면서
왕왕 대박 셔누 생각나는.. 😢😢
식물이 짱많아서 식목원 느낌 낭낭하고
브런치 즐기시는 분들께 짱추천해요.!
자몽청에이드 꼬옥 드셔주세요 ㅠ👍🏻

 #몬베베가_몬베베에게_추천하는_맛집 https://t.co/HK5BRudNMO",https://twitter.com/0oonue/status/1437030790043353096
142,2021-09-11 00:54:02+00:00,hipkidneverdie,🎄길티🎄,"📍합정 이목
들어가면 사장님이 메뉴 추천 해주심! 조개탕 진짜 맛있음.. 내 인생 최고의 조개탕 진짜 개맛있음 소주 안좋아하는데 추천받아서 시킨 도원결의랑 잘어울림 복숭아향 올라와서 쭉쭉 들어가니께 조심하셔요.. 국물에 파스타 해먹을 수 있는데 이게미침
#몬베베가_몬베베에게_추천하는_맛집 https://t.co/RVNfIvNpFC",https://twitter.com/hipkidneverdie/status/1436493201657892873
143,2021-09-06 08:54:38+00:00,im_what_immm,애옹,"합정 오레노라멘 ♡
라멘이 친절하고 창균이가 귀여워요
느끼한거 좋아하시면 추천 ఇ

#몬베베가_몬베베에게_추천하는_맛집
#임창균_너는한끼뚝닭먹겠지 https://t.co/MIbrljJsDC",https://twitter.com/im_what_immm/status/1434802208378216451
144,2021-09-05 07:49:43+00:00,myforIM,나야ꪑ,"#몬베베가_몬베베에게_추천하는_맛집

합정 거문양

브레이크 있는지 모르구 막 찾아갔는데도 5분 남았다구 들어오라고 해주신 … 완전 친절하셧던 .. 💜
해물탕면이랑 에그엔헬 드세요 쫀맛 ! (๑˙ϖ˙๑ ) ♥⃛ https://t.co/CDQMINDV7N",https://twitter.com/myforIM/status/1434423485917319171
145,2021-09-04 15:17:51+00:00,go5rae_e,zzo..,"해시태그를 깜빡해가지고 😅😅

합정 백두한우곱창

모듬으로 주문하시면 막곱대 다 드셔보실 수 있으니 꼭 !!!!!!! 모듬 주문해보시길 ..🤤

#몬베베가_몬베베에게_추천하는_맛집",https://twitter.com/go5rae_e/status/1434173874464198658
146,2021-08-13 01:35:20+00:00,mErry___x,메리,"합정 해피베어데이 왕 귀여운 케이크들이 반겨줍니다... 그리고 사진 찍을 곳이 왕 많음 인생샷 건질 수 잇어요 헤헤
#몬베베가_몬베베에게_추천하는_맛집 https://t.co/N8tDWTYks2",https://twitter.com/mErry___x/status/1425994346923315201
147,2021-06-30 06:03:52+00:00,heonit16,리쥬,#몬베베가_몬베베에게_추천하는_맛집 합정 시오 https://t.co/VrAlFxAWNO,https://twitter.com/heonit16/status/1410116857336504323
148,2021-06-28 14:37:52+00:00,go5rae_e,zzo..,"합정 오레노라멘 (본점)

미슐랭 가이드에 실린 라멘 맛집 !!

제가 먹은건 살짝 매콤한 '카라빠이탄'인데
진하고 고소한 육수 맛, 닭고기가 입에 넣자마자 녹아 사라지는 마법을 함께 즐기실 수 잇습니다 😎👍 매운 정도는 그냥 맛있다고 느끼실 정도예용 🤤

#몬베베가_몬베베에게_추천하는_맛집 https://t.co/INlD3cB4Mh",https://twitter.com/go5rae_e/status/1409521435039596553
149,2021-06-28 07:22:09+00:00,woo0S2,라니,"✔️ 합정 또보겠지 떡볶이
✔️ 합정 카페버킨
1차로 떡볶이에 버터갈릭감자튀김
2차로 날치알볶음밥까지 먹어주는게 국룰,,
비가 와서 근처 카페 들어왔는데 스모어 쿠키 짱짱 맛있어요 찐한 초코에 폭신한 마시멜로!
#정우영_한입에_먹우영 
#우리배는_식도로만_가
#몬베베가_몬베베에게_추천하는_맛집 https://t.co/f2NgwTOVRf",https://twitter.com/woo0S2/status/1409411781835984896
150,2021-06-28 05:37:15+00:00,mh___1103_,밍둥,"여기는 합정 홍곱창ෆ 
데리야끼 저거 꼭 먹어봐 진짜 맛있음!!
#몬베베가_몬베베에게_추천하는_맛집 
#민혁_너는이미북마크해놨겠지 https://t.co/2uXbRUdQrY",https://twitter.com/mh___1103_/status/1409385383448616960
151,2021-06-28 05:15:41+00:00,collectdaeng,앞니 마티스,"합정 타치가와텐
텐동 존맛 ... 🍱
근데 불닭 먹고 싶어요 😍

@dogloveswhale 
@summta_ver2

#몬베베가_몬베베에게_추천하는_맛집 https://t.co/2B25srZKIQ",https://twitter.com/collectdaeng/status/1409379959311769601
152,2021-06-27 14:07:29+00:00,93kidsneverdie,딱복,"합정 피자네버슬립스 🍕

웨이팅 많음 시끄러움 그런데 맛있음
두 명이면 하프앤하프 레귤러 사이즈 추천
생크림코젤 맛있어 보이더라구요
글고 특이한 점  .ᐟ.ᐟ 피클 대신 김치를 줌 。。
나름 어울리고 맛있음

#몬베베가_몬베베에게_추천하는_맛집 https://t.co/gXAd8mP6Rb",https://twitter.com/93kidsneverdie/status/1409151399275814912
153,2021-06-27 05:52:23+00:00,yolkiteu,곰트💍,"#몬베베가_몬베베에게_추천하는_맛집
합정 1993버거 존맛 미췬 https://t.co/kvE1N8tBkK",https://twitter.com/yolkiteu/status/1409026803792891910
154,2021-06-25 11:14:47+00:00,NUGOMM,누곰,"홍대 합정 라뚜셩트

예쁜거 먹자고 왔는데 맛은 그 이상인 디저트 맛집... 맛도 되게 진하고 바삭 쫀득한 식감이 좋은 디저트 🍰
공간은 좁지만 내부 분위기도 넘 좋아요

#몬베베가_몬베베에게_추천하는_맛집 https://t.co/ACGgLa9Fai",https://twitter.com/NUGOMM/status/1408383165752745988
155,2021-06-24 12:30:58+00:00,vwhkzd,튜,"#몬베베가_몬베베에게_추천하는_맛집
#존나이게맛집잊
홍대 합정 곱창 막창 집을 찾는다면 여러분 
무조건 홍곱창 가세요 일단 데리야끼막창은 무조건 시켜줘야함 막창 곱창 하나씩 시키고 볶음밥까지 조져주면 뒤지게 배불러요 그리고 여기 아이셔소주 팔아요 저 꼴았어요 https://t.co/ayxHkf1Ocv",https://twitter.com/vwhkzd/status/1408039948020682753
156,2021-06-20 05:27:42+00:00,kihyun0819,겨울달기현,"#몬베베가_몬베베에게_추천하는_맛집

✏️ 카덴 우동 (합정)
🤍 우 : 토리텐(닭) 붓카케 우동
      왼 : 치쿠타마텐(어묵, 계란) 우동 

대기 1시간🥲 회전율은 빠른편..
점심시간 끝날때쯤 갔는데도 앞에 대기 20팀이나 있었는데 기다리고 먹을만큼 맛있었다 🥺🥺❤️ https://t.co/y4Jyu9TwwC",https://twitter.com/kihyun0819/status/1406483876982116354
157,2021-06-19 09:12:47+00:00,Goyang0126,엇뚜,"#몬베베가_몬베베에게_추천하는_맛집 
합정 홍곱창
데리야끼막창 안먹을거면 곱창 먹지 마.
진짜 개 미친아이 존나 혼쭐을 내줌 https://t.co/G4rfa5FUxK",https://twitter.com/Goyang0126/status/1406178134785859588
158,2021-06-13 14:03:22+00:00,kikiandnov,김노브🍀,"#몬베베가_몬베베에게_추천하는_맛집
상수 합정 그 어딘가 사이에 있는 하카다분코.. 꼭 가주세요🥺 원래 저 차돌단면이 저녁 10시 이후에만 주문 가능한 메뉴였는데 코시국땜에 저녁 6시 이후 주문 가능한 걸로 바꼈는데요!!! 진짜..진짜 맛있습니다 양도 많고.. 행복한 한끼 할 수 있어요 노브믿어봐 https://t.co/iGO3oOuPVm",https://twitter.com/kikiandnov/status/1404076935802593284
159,2021-05-15 14:02:34+00:00,ScentLike_Laven,그냥 다 죠아 ˙ᵕ˙,"은꿍이랑 3차로 간 합정 바우리
분위기도 좋고 피자랑 맥주가 맛있었던🍕🍻
조금 어두운 곳에 앉아서 플래쉬를 터뜨릴 수 밖에 없었다...🥲
점심부터 저녁까지 하루종일 얘기해도 쉴틈없이 티키타카 재밌는 친구랑 함께여서 더없이 행복했던 하루💜💜💜
#몬베베가_몬베베에게_추천하는_맛집 https://t.co/PdjLDGq3co",https://twitter.com/ScentLike_Laven/status/1393567487841558532
160,2021-05-14 14:03:09+00:00,RUhateme_,☾𝗴𝗴𝕦𝕞☽˚｡⋆⁺‧͙,"#몬베베가_몬베베에게_추천하는_맛집
홍대 도적
합정과 성수 사이에 있지만 삼겹살 느끼해서 잘 못 먹는 저에게 겉바속촉으로 너무 잘 먹었던 돼지고기집❕ 서비스로 나온 된장찌개엔 밥이 필수고 칼삼겹에는 소주가 선택인🔥 진짜 역대급 삼겹살집‼️ https://t.co/ygBiWdJC8l",https://twitter.com/RUhateme_/status/1393205246503972868
161,2021-05-05 15:59:54+00:00,8hPNzklXCq2AaaP,저장,"""합정"" #승연아_우즈야_여기야 OR #황제님을위한메뉴판 OR #강다니엘_염염긋 OR #백현이를_위한_맛집투어 OR #몬베베가_몬베베에게_추천하는_맛집 OR #민석이를_위한_카페투어 OR #먹어봤도영 OR #제노의_맛그당어 OR #재민아_밥먹어 OR #원데이식스밀",https://twitter.com/8hPNzklXCq2AaaP/status/1389973136272101379
162,2021-04-09 07:18:15+00:00,kihyun0819,겨울달기현,"합정_페어 
크로플맛집 🥺🥺
크로플위에 아이스크림이랑 치즈가 올라갔는데 
안어울릴줄알았더니 너무잘어울리는조합....🌼
크로플빵은 너무빠삭해서 빠_싹 소리가나는 빵
🥺🥺🥺🥺
 #몬베베가_몬베베에게_추천하는_맛집 https://t.co/IT30o1s4Bu",https://twitter.com/kihyun0819/status/1380419771875741703
163,2021-02-26 06:05:34+00:00,yekkuyekku,doki..,"#몬베베가_몬베베에게_추천하는_맛집
합정 키쉬미뇽
음료는 그냥 무난한데 디저트가 진짜 맛있어요!!! 지나가다 마주치면 한 번쯤은 가볼만한 곳... https://t.co/IVjdjDzjTk",https://twitter.com/yekkuyekku/status/1365181192786481154
164,2021-02-26 05:13:52+00:00,yekkuyekku,doki..,"#몬베베가_몬베베에게_추천하는_맛집 
합정 크레이지카츠
반반세트가 진짜 미친놈.....히말라야솔트에 찍어먹으면 그냥 바로 기절이...ㅜㅜㅜ 평일 점심에 갔는데도 웨이팅이 좀 있었어요ㅠㅠ https://t.co/semBeLUwuD",https://twitter.com/yekkuyekku/status/1365168180474245122
165,2021-02-19 11:40:36+00:00,dung_shil2,둥실²,"#몬베베가_몬베베에게_추천하는_맛집
#임창균_너는한끼뚝닭먹겠지
합정 와인식탁💜
사진찍는실력은역시나늘지않았지만💜
트위터에서보고첨가본곳인데짱이애〰️ 와인도 맛있음짱💜 고생은 창균이가 다했는데 맛있는건내가다먹네
케익먹을수있어서 더좋았음💜 https://t.co/dQztfw9B42",https://twitter.com/dung_shil2/status/1362728788820250625
166,2021-02-09 06:38:56+00:00,kiki_dylm_,장미,"#몬베베가_몬베베에게_추천하는_맛집

합정 219 파스타
진짜 맛집 인정 가성비도 좋고 맛있음!!
다음에 또 가야지♡ ♡ https://t.co/oszS2TlH6c",https://twitter.com/kiki_dylm_/status/1359028996038561794
167,2021-02-04 14:14:15+00:00,sconembb,녹스(slow),"#몬베베가_몬베베에게_추천하는_맛집

합정 온돌인데 여기 꼭 가보세여 샘덜 진짜 가성비 좋고 분위기도 좋거든여 데이트 맛집도 삽가능 세트메뉴가 제일 좋고 고기랑 전골 선택 가능한데 전골은 취향대로 하시고 고기는 부채살 하세여 그게 젤 마싯슴 https://t.co/41VtWsNyU3",https://twitter.com/sconembb/status/1357331641392193537
168,2020-11-07 16:09:33+00:00,gunggumhae_sn,밤톨과자,"배고파 어제가 좋았어 엉엉
여기 합정 새벽숯불가든
제주돼지 오겹살 400g에 3만6천원?이었던듯 고기 다 구워주시고 같이 주는 백김치도 맛남 고사리추가(5000원)하면 색다른 맛 
#몬베베가_몬베베에게_추천하는_맛집 https://t.co/ucslJhjoI4",https://twitter.com/gunggumhae_sn/status/1325108133916680194
169,2020-11-07 12:41:07+00:00,hwisprince,HIP ♡̷̷̷,"합정 미삼 갔당ㅎㅎ
칭구가 포카 안들고와서ㅡㅡ
내꺼 쥐어줌
#몬베베가_몬베베에게_추천하는_맛집
#채형원_너는세입도못먹겠지 https://t.co/I9jqrYwYPA",https://twitter.com/hwisprince/status/1325055682698096640
170,2020-08-15 12:33:09+00:00,joeun_feel,강력접챠췌,"합정 토리후쿠
아패로 야끼도리는 여기.. 드디어 정착했읍니다 차왕무시 감자샐러드 뭔 조림이랑 양배추가 기본 반찬이고 다찌자리에 앉으면 바로 냉장고에서 싱싱한 생닭꺼내서 구워줌
#몬베베가_몬베베에게_추천하는_맛집 https://t.co/EH4x1DyNYu",https://twitter.com/joeun_feel/status/1294613096741212160
171,2020-08-03 16:12:48+00:00,mylovermh,첼,"#민혁_너는이미북마크해놨겠지
압구정 클랩피자
압구정 노모어피자
합정 더피자보이즈
연남 랫댓

다맛잇는데 개인적으로는 노모어가 젤 조앗어요 https://t.co/JgkHrSXfst",https://twitter.com/mylovermh/status/1290319718281142272
172,2020-07-26 10:30:16+00:00,mylovermh,첼,"#몬베베가_몬베베에게_추천하는_맛집
합정 돌황소곱창

곱창이 맛있고 볶음밥이 진짜진짜 맛있어요 치즈가 진짜 미친놈 https://t.co/n2WBYRA0DP",https://twitter.com/mylovermh/status/1287334413693358080
173,2020-07-21 16:20:22+00:00,NUGOMM,누곰,"천사같은 익명님이 추천해주신 마포 홍대 합정 망원 맛집 리스트🌟  공익을 위해 공유합니닷‼️💛💛
 #몬베베가_몬베베에게_추천하는_맛집 https://t.co/3ZWyKIL3pc",https://twitter.com/NUGOMM/status/1285610579852394498
174,2020-07-21 15:06:16+00:00,fiveguysstealer,땡고,"#션프는셔누사랑만먹을게_갈비찜
#채형원_너는세입도못먹겠지
합정 미삼 
형원이가 진짜 좋아할것같은 대새롤(대패새우롤)!!!!! 짭조롬하고 새우가 왕따시만하고 팡팡터지면 그걸 삼겹살이 매섭게 잡아줌 아 또먹고싶다 볶음밥은 무난!!
#셔누_넌이미먹었겠지만또먹어야겠지 https://t.co/mBUDscE4bS",https://twitter.com/fiveguysstealer/status/1285591932681347080
175,2020-07-21 14:51:21+00:00,ilsanhamster,somsa..,"#셔누_넌이미먹었겠지만또먹어야겠지

합정 잇텐고 바질라멘(10000원)
맛이좋음 https://t.co/Xo3tqSwXPY",https://twitter.com/ilsanhamster/status/1285588177869144064
176,2020-07-21 14:39:11+00:00,changdongdaeck,명준이,"#몬베베가_몬베베에게_추천하는_맛집 
합정 크레이지카츠
저는 션프지만 돈까스를 진짜 진짜 안좋아하는데,,한입 먹자마자 감탄이 절로 나왔어용
꼭!!특로스카츠 드셔야해요 진쫘 고기 결 살아있고 엄청 부드럽고 그냥 미쳤어요 합정에서 생일카페 많이들 하시니까 투어할때 여기 오면 좋을거같아용 https://t.co/C4EXjCueEA",https://twitter.com/changdongdaeck/status/1285585115725217792
177,2020-07-21 14:19:08+00:00,laforetdeshw,까스,"[서울 합정/소곱놀이]
아 저는 합정 곱창 대창은 여기가 최고라고 생각해여 볶음밥이 존맛이니 밥까지 먹고 옷에 베여든 고기냄새로 2차 깡소주 할 수 이따!!!!!! 
 #몬베베가_몬베베에게_추천하는_맛집 https://t.co/cxs7wGDbgq",https://twitter.com/laforetdeshw/status/1285580070011035649
178,2020-07-21 13:16:49+00:00,gunggumhae_sn,밤톨과자,"@syunuho #몬베베가_몬베베에게_추천하는_맛집
합정 명품잔치국수집... 비빔말고 열무국수..",https://twitter.com/gunggumhae_sn/status/1285564386665365504
179,2020-06-21 10:53:33+00:00,GGYULayo,뀰🍊,"#몬베베가_몬베베에게_추천하는_맛집

합정 가츠신 

제주 흑돼지로 만든 돈까스 맛집💛
안심+새우튀김 세트 먹었는데 깔끔하고 마쉿었어요!!
합정 카페투어 할 때 들리면 좋을 듯๑&gt;ᴗ&lt;๑ https://t.co/KGPuRhGApw",https://twitter.com/GGYULayo/status/1274656700067270656
180,2020-05-17 10:46:48+00:00,_my_pleasure,마리모♡̆̈😷🎗,"션프도 아닌데 주2회 돈까스 먹기☺ but.돈까스는 언제나 옳으니까요🤭 합정 크레이지카츠 여기 진짜 완전 미친 맛이에요,, #몬베베가_몬베베에게_추천하는_맛집 해시 보고 찾아갔는데 나 진짜 베베들 입맛 맹신하잖아,, 브레이크타임 직전이라 없는 메뉴가 좀 있어가지구 히레정식 시켰는데 대.만.족. https://t.co/7QXiGSUtKA",https://twitter.com/_my_pleasure/status/1261971424303972352
181,2020-03-07 11:22:30+00:00,MX_2MH,동글,"#몬베베가_몬베베에게_추천하는_맛집
합정 맛집😆❤ 노래두 Best part 나와서 혼자 내적 반가움 상승👍🥰 https://t.co/g93fgIvhi0",https://twitter.com/MX_2MH/status/1236250870846607360
182,2020-01-17 16:16:57+00:00,hey_minyeogang,동구래미,"#몬베베가_몬베베에게_추천하는_맛집
합정 크레이지 카츠
1시반에도 웨이팅이 있지만 기다리고 나니 행복했어요...짱규니보러 합정가시는분들 여기서 식사하고 짱규니 이벤트까페 가면 그것이야말로 확실한 행복..
🐻 혀누야 여기 장난없어 고기두께 보이니? https://t.co/2YAXHw31KP",https://twitter.com/hey_minyeogang/status/1218205579530784773
183,2020-01-12 09:54:47+00:00,hangbokhaja7,K,"#몬베베가_몬베베에게_추천하는_맛집

합정/상수 지복

하라빼꼬였다가 이름이 바꼈어요..이름 바뀌면서 구성도 살짝 바꼈는데 그래도 좋은...단품도 있고 정식도 있는데 정식 사이드들이 구성찬..? 가격대도 비싸지 않아서 좋아여 그리고 와디즈에서 걸어갈 수 있어요 https://t.co/uSqtUyWmJy",https://twitter.com/hangbokhaja7/status/1216297462920466433
184,2020-01-09 12:09:32+00:00,joeun_feel,강력접챠췌,"#몬베베가_몬베베에게_추천하는_맛집

합정 카밀로라자네리아 

마늘쫑이 들어간 오일파스타랑 라자냐 시켜먹었음 내 추천은 당연히 존나 라자냐! 토마토소스가 진하고 맛있었는데 단점은 양이 쩜 작다.. 같이 나오는 밀크 푸딩이 정말 우유맛이 많이 나고 맛있었음 https://t.co/EPH5WORzRY",https://twitter.com/joeun_feel/status/1215244211945000960
185,2020-01-03 19:41:34+00:00,NU2NIM_,누,"합정 카밀로 라자네리아
이곳 라자냐가 세계최고ㅜㅜ 1번이랑 2번 라자냐만 먹어봤는데 1번은 보통 생각하는 미트소스 느낌이고 2번은 좀더 상큼한?가벼운? 그런 토마토소스느낌. 갠적으로 2번을 더 좋아함. 파스타도 맛있고 스테이크는 말할것도없음❤
#몬베베가_몬베베에게_추천하는_맛집 https://t.co/5UqFBo2Bn7",https://twitter.com/NU2NIM_/status/1213183642685435905
